First_name,Last_name,Gender,Email
Gus,Fooks,Male,gfooks0@bizjournals.com
Orel,Pigny,Female,opigny1@google.co.uk
Wilhelmina,Lackeye,Female,wlackeye2@163.com
Julius,Coldman,Male,jcoldman3@huffingtonpost.com
Linet,Chapiro,Female,lchapiro4@shop-pro.jp
